"customer_id","invoice_id","invoice_date","previous_invoice","days_between"
"1","16","2017-01-26 00:00:00",NULL,NULL
"1","77","2017-05-28 00:00:00","2017-01-26 00:00:00","122"
"1","149","2017-11-30 00:00:00","2017-05-28 00:00:00","186"
"1","153","2017-12-14 00:00:00","2017-11-30 00:00:00","14"
"1","182","2018-02-07 00:00:00","2017-12-14 00:00:00","55"
"1","184","2018-02-09 00:00:00","2018-02-07 00:00:00","2"
"1","223","2018-05-04 00:00:00","2018-02-09 00:00:00","84"
"1","270","2018-08-27 00:00:00","2018-05-04 00:00:00","115"
"1","296","2018-12-10 00:00:00","2018-08-27 00:00:00","105"
"1","442","2019-11-05 00:00:00","2018-12-10 00:00:00","330"
"1","464","2019-12-31 00:00:00","2019-11-05 00:00:00","56"
"1","536","2020-07-06 00:00:00","2019-12-31 00:00:00","188"
"1","544","2020-07-24 00:00:00","2020-07-06 00:00:00","18"
"2","69","2017-05-09 00:00:00",NULL,NULL
"2","131","2017-10-21 00:00:00","2017-05-09 00:00:00","165"
"2","134","2017-10-23 00:00:00","2017-10-21 00:00:00","2"
"2","162","2018-01-15 00:00:00","2017-10-23 00:00:00","84"
"2","210","2018-03-25 00:00:00","2018-01-15 00:00:00","69"
"2","222","2018-04-29 00:00:00","2018-03-25 00:00:00","35"
"2","343","2019-04-13 00:00:00","2018-04-29 00:00:00","349"
"2","507","2020-04-20 00:00:00","2019-04-13 00:00:00","373"
"2","549","2020-08-10 00:00:00","2020-04-20 00:00:00","112"
"2","557","2020-09-08 00:00:00","2020-08-10 00:00:00","29"
"2","592","2020-11-21 00:00:00","2020-09-08 00:00:00","74"
"3","31","2017-02-21 00:00:00",NULL,NULL
"3","71","2017-05-17 00:00:00","2017-02-21 00:00:00","85"
"3","125","2017-09-29 00:00:00","2017-05-17 00:00:00","135"
"3","248","2018-07-13 00:00:00","2017-09-29 00:00:00","287"
"3","262","2018-08-09 00:00:00","2018-07-13 00:00:00","27"
"3","342","2019-04-13 00:00:00","2018-08-09 00:00:00","247"
"3","344","2019-04-15 00:00:00","2019-04-13 00:00:00","2"
"3","419","2019-09-02 00:00:00","2019-04-15 00:00:00","140"
"3","517","2020-05-16 00:00:00","2019-09-02 00:00:00","257"
"4","24","2017-02-10 00:00:00",NULL,NULL
"4","46","2017-03-24 00:00:00","2017-02-10 00:00:00","42"
"4","81","2017-06-12 00:00:00","2017-03-24 00:00:00","80"
"4","104","2017-08-06 00:00:00","2017-06-12 00:00:00","55"
"4","205","2018-03-20 00:00:00","2017-08-06 00:00:00","226"
"4","208","2018-03-22 00:00:00","2018-03-20 00:00:00","2"
"4","272","2018-08-30 00:00:00","2018-03-22 00:00:00","161"
"4","292","2018-11-21 00:00:00","2018-08-30 00:00:00","83"
"4","474","2020-02-04 00:00:00","2018-11-21 00:00:00","440"
"5","78","2017-05-29 00:00:00",NULL,NULL
"5","119","2017-09-12 00:00:00","2017-05-29 00:00:00","106"
"5","173","2018-01-31 00:00:00","2017-09-12 00:00:00","141"
"5","235","2018-06-06 00:00:00","2018-01-31 00:00:00","126"
"5","341","2019-04-09 00:00:00","2018-06-06 00:00:00","307"
"5","361","2019-05-18 00:00:00","2019-04-09 00:00:00","39"
"5","376","2019-06-06 00:00:00","2019-05-18 00:00:00","19"
"5","388","2019-07-16 00:00:00","2019-06-06 00:00:00","40"
"5","416","2019-08-31 00:00:00","2019-07-16 00:00:00","46"
"5","429","2019-09-17 00:00:00","2019-08-31 00:00:00","17"
"5","467","2020-01-20 00:00:00","2019-09-17 00:00:00","125"
"5","477","2020-02-15 00:00:00","2020-01-20 00:00:00","26"
"5","520","2020-05-26 00:00:00","2020-02-15 00:00:00","101"
"5","526","2020-06-08 00:00:00","2020-05-26 00:00:00","13"
"5","560","2020-09-11 00:00:00","2020-06-08 00:00:00","95"
"5","563","2020-09-19 00:00:00","2020-09-11 00:00:00","8"
"5","582","2020-10-30 00:00:00","2020-09-19 00:00:00","41"
"5","588","2020-11-12 00:00:00","2020-10-30 00:00:00","13"
"6","112","2017-08-31 00:00:00",NULL,NULL
"6","116","2017-09-08 00:00:00","2017-08-31 00:00:00","8"
"6","163","2018-01-16 00:00:00","2017-09-08 00:00:00","130"
"6","243","2018-06-23 00:00:00","2018-01-16 00:00:00","158"
"6","275","2018-09-06 00:00:00","2018-06-23 00:00:00","75"
"6","280","2018-10-02 00:00:00","2018-09-06 00:00:00","26"
"6","336","2019-03-31 00:00:00","2018-10-02 00:00:00","180"
"6","387","2019-07-15 00:00:00","2019-03-31 00:00:00","106"
"6","405","2019-08-14 00:00:00","2019-07-15 00:00:00","30"
"6","476","2020-02-11 00:00:00","2019-08-14 00:00:00","181"
"6","504","2020-04-12 00:00:00","2020-02-11 00:00:00","61"
"6","579","2020-10-23 00:00:00","2020-04-12 00:00:00","194"
"7","123","2017-09-23 00:00:00",NULL,NULL
"7","225","2018-05-08 00:00:00","2017-09-23 00:00:00","227"
"7","251","2018-07-20 00:00:00","2018-05-08 00:00:00","73"
"7","337","2019-04-03 00:00:00","2018-07-20 00:00:00","257"
"7","410","2019-08-27 00:00:00","2019-04-03 00:00:00","146"
"7","462","2019-12-29 00:00:00","2019-08-27 00:00:00","124"
"7","472","2020-01-31 00:00:00","2019-12-29 00:00:00","33"
"7","488","2020-03-13 00:00:00","2020-01-31 00:00:00","42"
"7","553","2020-08-26 00:00:00","2020-03-13 00:00:00","166"
"8","97","2017-07-22 00:00:00",NULL,NULL
"8","102","2017-08-02 00:00:00","2017-07-22 00:00:00","11"
"8","124","2017-09-25 00:00:00","2017-08-02 00:00:00","54"
"8","253","2018-07-29 00:00:00","2017-09-25 00:00:00","307"
"8","306","2019-01-01 00:00:00","2018-07-29 00:00:00","156"
"8","311","2019-01-18 00:00:00","2019-01-01 00:00:00","17"
"8","431","2019-09-21 00:00:00","2019-01-18 00:00:00","246"
"9","21","2017-02-07 00:00:00",NULL,NULL
"9","58","2017-04-23 00:00:00","2017-02-07 00:00:00","75"
"9","62","2017-04-25 00:00:00","2017-04-23 00:00:00","2"
"9","122","2017-09-21 00:00:00","2017-04-25 00:00:00","149"
"9","178","2018-02-02 00:00:00","2017-09-21 00:00:00","134"
"9","267","2018-08-22 00:00:00","2018-02-02 00:00:00","201"
"9","329","2019-03-09 00:00:00","2018-08-22 00:00:00","199"
"9","354","2019-05-02 00:00:00","2019-03-09 00:00:00","54"
"9","411","2019-08-27 00:00:00","2019-05-02 00:00:00","117"
"9","470","2020-01-29 00:00:00","2019-08-27 00:00:00","155"
"10","19","2017-02-06 00:00:00",NULL,NULL
"10","49","2017-03-30 00:00:00","2017-02-06 00:00:00","52"
"10","156","2018-01-03 00:00:00","2017-03-30 00:00:00","279"
"10","240","2018-06-17 00:00:00","2018-01-03 00:00:00","165"
"10","260","2018-08-04 00:00:00","2018-06-17 00:00:00","48"
"10","315","2019-01-30 00:00:00","2018-08-04 00:00:00","179"
"10","328","2019-03-08 00:00:00","2019-01-30 00:00:00","37"
"10","352","2019-04-23 00:00:00","2019-03-08 00:00:00","46"
"10","406","2019-08-15 00:00:00","2019-04-23 00:00:00","114"
"10","482","2020-02-26 00:00:00","2019-08-15 00:00:00","195"
"10","495","2020-04-01 00:00:00","2020-02-26 00:00:00","35"
"10","534","2020-06-25 00:00:00","2020-04-01 00:00:00","85"
"11","135","2017-10-25 00:00:00",NULL,NULL
"11","186","2018-02-10 00:00:00","2017-10-25 00:00:00","108"
"11","206","2018-03-21 00:00:00","2018-02-10 00:00:00","39"
"11","316","2019-02-03 00:00:00","2018-03-21 00:00:00","319"
"11","392","2019-07-24 00:00:00","2019-02-03 00:00:00","171"
"11","439","2019-10-08 00:00:00","2019-07-24 00:00:00","76"
"11","461","2019-12-29 00:00:00","2019-10-08 00:00:00","82"
"11","475","2020-02-06 00:00:00","2019-12-29 00:00:00","39"
"11","501","2020-04-09 00:00:00","2020-02-06 00:00:00","63"
"11","533","2020-06-24 00:00:00","2020-04-09 00:00:00","76"
"12","28","2017-02-17 00:00:00",NULL,NULL
"12","114","2017-09-05 00:00:00","2017-02-17 00:00:00","200"
"12","152","2017-12-12 00:00:00","2017-09-05 00:00:00","98"
"12","249","2018-07-14 00:00:00","2017-12-12 00:00:00","214"
"12","298","2018-12-13 00:00:00","2018-07-14 00:00:00","152"
"12","333","2019-03-21 00:00:00","2018-12-13 00:00:00","98"
"12","412","2019-08-28 00:00:00","2019-03-21 00:00:00","160"
"12","447","2019-11-23 00:00:00","2019-08-28 00:00:00","87"
"12","537","2020-07-07 00:00:00","2019-11-23 00:00:00","227"
"12","587","2020-11-07 00:00:00","2020-07-07 00:00:00","123"
"12","593","2020-11-23 00:00:00","2020-11-07 00:00:00","16"
"13","73","2017-05-18 00:00:00",NULL,NULL
"13","80","2017-06-08 00:00:00","2017-05-18 00:00:00","21"
"13","111","2017-08-30 00:00:00","2017-06-08 00:00:00","83"
"13","113","2017-09-01 00:00:00","2017-08-30 00:00:00","2"
"13","130","2017-10-19 00:00:00","2017-09-01 00:00:00","48"
"13","188","2018-02-20 00:00:00","2017-10-19 00:00:00","124"
"13","189","2018-02-21 00:00:00","2018-02-20 00:00:00","1"
"13","198","2018-03-05 00:00:00","2018-02-21 00:00:00","12"
"13","256","2018-07-31 00:00:00","2018-03-05 00:00:00","148"
"13","357","2019-05-08 00:00:00","2018-07-31 00:00:00","281"
"13","456","2019-12-24 00:00:00","2019-05-08 00:00:00","230"
"13","498","2020-04-02 00:00:00","2019-12-24 00:00:00","100"
"13","521","2020-05-27 00:00:00","2020-04-02 00:00:00","55"
"13","532","2020-06-23 00:00:00","2020-05-27 00:00:00","27"
"13","597","2020-11-28 00:00:00","2020-06-23 00:00:00","158"
"14","132","2017-10-22 00:00:00",NULL,NULL
"14","233","2018-06-01 00:00:00","2017-10-22 00:00:00","222"
"14","293","2018-11-29 00:00:00","2018-06-01 00:00:00","181"
"14","321","2019-02-23 00:00:00","2018-11-29 00:00:00","86"
"14","370","2019-06-01 00:00:00","2019-02-23 00:00:00","98"
"14","371","2019-06-01 00:00:00","2019-06-01 00:00:00","0"
"14","425","2019-09-13 00:00:00","2019-06-01 00:00:00","104"
"14","469","2020-01-28 00:00:00","2019-09-13 00:00:00","137"
"14","530","2020-06-22 00:00:00","2020-01-28 00:00:00","146"
"14","609","2020-12-20 00:00:00","2020-06-22 00:00:00","181"
"15","60","2017-04-24 00:00:00",NULL,NULL
"15","110","2017-08-29 00:00:00","2017-04-24 00:00:00","127"
"15","142","2017-11-10 00:00:00","2017-08-29 00:00:00","73"
"15","229","2018-05-19 00:00:00","2017-11-10 00:00:00","190"
"15","483","2020-02-29 00:00:00","2018-05-19 00:00:00","651"
"15","564","2020-09-20 00:00:00","2020-02-29 00:00:00","204"
"15","567","2020-09-27 00:00:00","2020-09-20 00:00:00","7"
"15","575","2020-10-19 00:00:00","2020-09-27 00:00:00","22"
"15","606","2020-12-18 00:00:00","2020-10-19 00:00:00","60"
"16","66","2017-04-29 00:00:00",NULL,NULL
"16","75","2017-05-24 00:00:00","2017-04-29 00:00:00","25"
"16","257","2018-08-01 00:00:00","2017-05-24 00:00:00","434"
"16","268","2018-08-23 00:00:00","2018-08-01 00:00:00","22"
"16","289","2018-11-06 00:00:00","2018-08-23 00:00:00","75"
"16","389","2019-07-18 00:00:00","2018-11-06 00:00:00","254"
"16","551","2020-08-18 00:00:00","2019-07-18 00:00:00","397"
"16","591","2020-11-20 00:00:00","2020-08-18 00:00:00","94"
"17","98","2017-07-23 00:00:00",NULL,NULL
"17","128","2017-10-12 00:00:00","2017-07-23 00:00:00","81"
"17","129","2017-10-16 00:00:00","2017-10-12 00:00:00","4"
"17","166","2018-01-21 00:00:00","2017-10-16 00:00:00","97"
"17","207","2018-03-21 00:00:00","2018-01-21 00:00:00","59"
"17","288","2018-11-04 00:00:00","2018-03-21 00:00:00","228"
"17","290","2018-11-18 00:00:00","2018-11-04 00:00:00","14"
"17","393","2019-07-25 00:00:00","2018-11-18 00:00:00","249"
"17","436","2019-10-02 00:00:00","2019-07-25 00:00:00","69"
"17","499","2020-04-03 00:00:00","2019-10-02 00:00:00","184"
"17","543","2020-07-23 00:00:00","2020-04-03 00:00:00","111"
"17","558","2020-09-11 00:00:00","2020-07-23 00:00:00","50"
"18","1","2017-01-03 00:00:00",NULL,NULL
"18","4","2017-01-06 00:00:00","2017-01-03 00:00:00","3"
"18","9","2017-01-18 00:00:00","2017-01-06 00:00:00","12"
"18","50","2017-04-02 00:00:00","2017-01-18 00:00:00","74"
"18","187","2018-02-18 00:00:00","2017-04-02 00:00:00","322"
"18","372","2019-06-01 00:00:00","2018-02-18 00:00:00","468"
"18","448","2019-11-27 00:00:00","2019-06-01 00:00:00","179"
"18","486","2020-03-05 00:00:00","2019-11-27 00:00:00","99"
"19","42","2017-03-18 00:00:00",NULL,NULL
"19","51","2017-04-03 00:00:00","2017-03-18 00:00:00","16"
"19","52","2017-04-11 00:00:00","2017-04-03 00:00:00","8"
"19","57","2017-04-22 00:00:00","2017-04-11 00:00:00","11"
"19","147","2017-11-28 00:00:00","2017-04-22 00:00:00","220"
"19","231","2018-05-27 00:00:00","2017-11-28 00:00:00","180"
"19","358","2019-05-12 00:00:00","2018-05-27 00:00:00","350"
"19","490","2020-03-14 00:00:00","2019-05-12 00:00:00","307"
"19","505","2020-04-14 00:00:00","2020-03-14 00:00:00","31"
"20","17","2017-01-28 00:00:00",NULL,NULL
"20","101","2017-07-31 00:00:00","2017-01-28 00:00:00","184"
"20","159","2018-01-08 00:00:00","2017-07-31 00:00:00","161"
"20","199","2018-03-08 00:00:00","2018-01-08 00:00:00","59"
"20","204","2018-03-17 00:00:00","2018-03-08 00:00:00","9"
"20","219","2018-04-21 00:00:00","2018-03-17 00:00:00","35"
"20","245","2018-06-30 00:00:00","2018-04-21 00:00:00","70"
"20","282","2018-10-11 00:00:00","2018-06-30 00:00:00","103"
"20","420","2019-09-05 00:00:00","2018-10-11 00:00:00","329"
"20","443","2019-11-07 00:00:00","2019-09-05 00:00:00","63"
"20","460","2019-12-28 00:00:00","2019-11-07 00:00:00","51"
"20","613","2020-12-29 00:00:00","2019-12-28 00:00:00","367"
"21","44","2017-03-20 00:00:00",NULL,NULL
"21","89","2017-06-23 00:00:00","2017-03-20 00:00:00","95"
"21","167","2018-01-25 00:00:00","2017-06-23 00:00:00","216"
"21","169","2018-01-28 00:00:00","2018-01-25 00:00:00","3"
"21","185","2018-02-10 00:00:00","2018-01-28 00:00:00","13"
"21","322","2019-02-24 00:00:00","2018-02-10 00:00:00","379"
"21","423","2019-09-07 00:00:00","2019-02-24 00:00:00","195"
"21","465","2020-01-12 00:00:00","2019-09-07 00:00:00","127"
"21","496","2020-04-01 00:00:00","2020-01-12 00:00:00","80"
"21","556","2020-09-04 00:00:00","2020-04-01 00:00:00","156"
"21","602","2020-12-09 00:00:00","2020-09-04 00:00:00","96"
"22","43","2017-03-19 00:00:00",NULL,NULL
"22","83","2017-06-15 00:00:00","2017-03-19 00:00:00","88"
"22","109","2017-08-29 00:00:00","2017-06-15 00:00:00","75"
"22","150","2017-12-01 00:00:00","2017-08-29 00:00:00","94"
"22","276","2018-09-07 00:00:00","2017-12-01 00:00:00","280"
"22","278","2018-09-23 00:00:00","2018-09-07 00:00:00","16"
"22","297","2018-12-11 00:00:00","2018-09-23 00:00:00","79"
"22","310","2019-01-16 00:00:00","2018-12-11 00:00:00","36"
"22","330","2019-03-13 00:00:00","2019-01-16 00:00:00","56"
"22","518","2020-05-22 00:00:00","2019-03-13 00:00:00","436"
"22","522","2020-05-27 00:00:00","2020-05-22 00:00:00","5"
"22","583","2020-10-30 00:00:00","2020-05-27 00:00:00","156"
"23","139","2017-11-03 00:00:00",NULL,NULL
"23","250","2018-07-20 00:00:00","2017-11-03 00:00:00","259"
"23","287","2018-11-04 00:00:00","2018-07-20 00:00:00","107"
"23","323","2019-03-03 00:00:00","2018-11-04 00:00:00","119"
"23","383","2019-07-03 00:00:00","2019-03-03 00:00:00","122"
"23","438","2019-10-04 00:00:00","2019-07-03 00:00:00","93"
"23","515","2020-05-15 00:00:00","2019-10-04 00:00:00","224"
"23","516","2020-05-16 00:00:00","2020-05-15 00:00:00","1"
"23","561","2020-09-12 00:00:00","2020-05-16 00:00:00","119"
"23","595","2020-11-27 00:00:00","2020-09-12 00:00:00","76"
"24","18","2017-02-02 00:00:00",NULL,NULL
"24","161","2018-01-13 00:00:00","2017-02-02 00:00:00","345"
"24","200","2018-03-08 00:00:00","2018-01-13 00:00:00","54"
"24","395","2019-07-28 00:00:00","2018-03-08 00:00:00","507"
"24","417","2019-09-01 00:00:00","2019-07-28 00:00:00","35"
"24","511","2020-05-01 00:00:00","2019-09-01 00:00:00","243"
"24","529","2020-06-12 00:00:00","2020-05-01 00:00:00","42"
"24","580","2020-10-25 00:00:00","2020-06-12 00:00:00","135"
"25","14","2017-01-23 00:00:00",NULL,NULL
"25","143","2017-11-10 00:00:00","2017-01-23 00:00:00","291"
"25","179","2018-02-03 00:00:00","2017-11-10 00:00:00","85"
"25","202","2018-03-13 00:00:00","2018-02-03 00:00:00","38"
"25","300","2018-12-15 00:00:00","2018-03-13 00:00:00","277"
"25","331","2019-03-15 00:00:00","2018-12-15 00:00:00","90"
"25","468","2020-01-22 00:00:00","2019-03-15 00:00:00","313"
"25","510","2020-04-28 00:00:00","2020-01-22 00:00:00","97"
"25","514","2020-05-14 00:00:00","2020-04-28 00:00:00","16"
"25","578","2020-10-21 00:00:00","2020-05-14 00:00:00","160"
"26","54","2017-04-13 00:00:00",NULL,NULL
"26","74","2017-05-18 00:00:00","2017-04-13 00:00:00","35"
"26","215","2018-04-04 00:00:00","2017-05-18 00:00:00","321"
"26","274","2018-09-04 00:00:00","2018-04-04 00:00:00","153"
"26","307","2019-01-05 00:00:00","2018-09-04 00:00:00","123"
"26","364","2019-05-26 00:00:00","2019-01-05 00:00:00","141"
"26","366","2019-05-27 00:00:00","2019-05-26 00:00:00","1"
"26","386","2019-07-12 00:00:00","2019-05-27 00:00:00","46"
"26","434","2019-09-27 00:00:00","2019-07-12 00:00:00","77"
"26","494","2020-03-31 00:00:00","2019-09-27 00:00:00","186"
"26","598","2020-12-04 00:00:00","2020-03-31 00:00:00","248"
"26","603","2020-12-10 00:00:00","2020-12-04 00:00:00","6"
"27","5","2017-01-07 00:00:00",NULL,NULL
"27","195","2018-03-02 00:00:00","2017-01-07 00:00:00","419"
"27","209","2018-03-25 00:00:00","2018-03-02 00:00:00","23"
"27","217","2018-04-17 00:00:00","2018-03-25 00:00:00","23"
"27","247","2018-07-12 00:00:00","2018-04-17 00:00:00","86"
"27","286","2018-10-25 00:00:00","2018-07-12 00:00:00","105"
"27","487","2020-03-11 00:00:00","2018-10-25 00:00:00","503"
"27","562","2020-09-17 00:00:00","2020-03-11 00:00:00","190"
"27","573","2020-10-16 00:00:00","2020-09-17 00:00:00","29"
"28","118","2017-09-10 00:00:00",NULL,NULL
"28","145","2017-11-22 00:00:00","2017-09-10 00:00:00","73"
"28","192","2018-02-25 00:00:00","2017-11-22 00:00:00","95"
"28","303","2018-12-21 00:00:00","2018-02-25 00:00:00","299"
"28","353","2019-04-28 00:00:00","2018-12-21 00:00:00","128"
"28","365","2019-05-27 00:00:00","2019-04-28 00:00:00","29"
"28","377","2019-06-09 00:00:00","2019-05-27 00:00:00","13"
"28","455","2019-12-24 00:00:00","2019-06-09 00:00:00","198"
"28","478","2020-02-21 00:00:00","2019-12-24 00:00:00","59"
"28","577","2020-10-20 00:00:00","2020-02-21 00:00:00","242"
"29","120","2017-09-19 00:00:00",NULL,NULL
"29","332","2019-03-15 00:00:00","2017-09-19 00:00:00","542"
"29","362","2019-05-24 00:00:00","2019-03-15 00:00:00","70"
"29","600","2020-12-08 00:00:00","2019-05-24 00:00:00","564"
"30","2","2017-01-03 00:00:00",NULL,NULL
"30","32","2017-02-21 00:00:00","2017-01-03 00:00:00","49"
"30","87","2017-06-20 00:00:00","2017-02-21 00:00:00","119"
"30","108","2017-08-27 00:00:00","2017-06-20 00:00:00","68"
"30","299","2018-12-14 00:00:00","2017-08-27 00:00:00","474"
"30","313","2019-01-24 00:00:00","2018-12-14 00:00:00","41"
"30","391","2019-07-20 00:00:00","2019-01-24 00:00:00","177"
"30","466","2020-01-19 00:00:00","2019-07-20 00:00:00","183"
"30","525","2020-06-02 00:00:00","2020-01-19 00:00:00","135"
"30","548","2020-08-02 00:00:00","2020-06-02 00:00:00","61"
"30","552","2020-08-19 00:00:00","2020-08-02 00:00:00","17"
"30","554","2020-08-27 00:00:00","2020-08-19 00:00:00","8"
"30","584","2020-10-31 00:00:00","2020-08-27 00:00:00","65"
"31","6","2017-01-10 00:00:00",NULL,NULL
"31","10","2017-01-18 00:00:00","2017-01-10 00:00:00","8"
"31","63","2017-04-25 00:00:00","2017-01-18 00:00:00","97"
"31","70","2017-05-13 00:00:00","2017-04-25 00:00:00","18"
"31","88","2017-06-21 00:00:00","2017-05-13 00:00:00","39"
"31","105","2017-08-12 00:00:00","2017-06-21 00:00:00","52"
"31","394","2019-07-27 00:00:00","2017-08-12 00:00:00","714"
"31","404","2019-08-13 00:00:00","2019-07-27 00:00:00","17"
"31","453","2019-12-19 00:00:00","2019-08-13 00:00:00","128"
"31","538","2020-07-10 00:00:00","2019-12-19 00:00:00","204"
"31","594","2020-11-24 00:00:00","2020-07-10 00:00:00","137"
"32","92","2017-07-02 00:00:00",NULL,NULL
"32","107","2017-08-21 00:00:00","2017-07-02 00:00:00","50"
"32","126","2017-10-07 00:00:00","2017-08-21 00:00:00","47"
"32","432","2019-09-23 00:00:00","2017-10-07 00:00:00","716"
"32","519","2020-05-22 00:00:00","2019-09-23 00:00:00","242"
"32","546","2020-07-30 00:00:00","2020-05-22 00:00:00","69"
"32","559","2020-09-11 00:00:00","2020-07-30 00:00:00","43"
"32","581","2020-10-26 00:00:00","2020-09-11 00:00:00","45"
"33","34","2017-02-23 00:00:00",NULL,NULL
"33","55","2017-04-16 00:00:00","2017-02-23 00:00:00","52"
"33","85","2017-06-17 00:00:00","2017-04-16 00:00:00","62"
"33","136","2017-10-29 00:00:00","2017-06-17 00:00:00","134"
"33","138","2017-10-30 00:00:00","2017-10-29 00:00:00","1"
"33","144","2017-11-18 00:00:00","2017-10-30 00:00:00","19"
"33","172","2018-01-31 00:00:00","2017-11-18 00:00:00","74"
"33","295","2018-12-03 00:00:00","2018-01-31 00:00:00","306"
"33","325","2019-03-04 00:00:00","2018-12-03 00:00:00","91"
"33","433","2019-09-24 00:00:00","2019-03-04 00:00:00","204"
"33","545","2020-07-26 00:00:00","2019-09-24 00:00:00","306"
"33","612","2020-12-27 00:00:00","2020-07-26 00:00:00","154"
"34","35","2017-02-25 00:00:00",NULL,NULL
"34","56","2017-04-22 00:00:00","2017-02-25 00:00:00","56"
"34","137","2017-10-29 00:00:00","2017-04-22 00:00:00","190"
"34","194","2018-02-27 00:00:00","2017-10-29 00:00:00","121"
"34","224","2018-05-06 00:00:00","2018-02-27 00:00:00","68"
"34","301","2018-12-15 00:00:00","2018-05-06 00:00:00","223"
"34","390","2019-07-19 00:00:00","2018-12-15 00:00:00","216"
"34","408","2019-08-20 00:00:00","2019-07-19 00:00:00","32"
"34","449","2019-11-27 00:00:00","2019-08-20 00:00:00","99"
"34","463","2019-12-30 00:00:00","2019-11-27 00:00:00","33"
"34","497","2020-04-01 00:00:00","2019-12-30 00:00:00","93"
"34","542","2020-07-18 00:00:00","2020-04-01 00:00:00","108"
"34","572","2020-10-13 00:00:00","2020-07-18 00:00:00","87"
"35","13","2017-01-22 00:00:00",NULL,NULL
"35","22","2017-02-08 00:00:00","2017-01-22 00:00:00","17"
"35","27","2017-02-15 00:00:00","2017-02-08 00:00:00","7"
"35","127","2017-10-08 00:00:00","2017-02-15 00:00:00","235"
"35","133","2017-10-22 00:00:00","2017-10-08 00:00:00","14"
"35","151","2017-12-06 00:00:00","2017-10-22 00:00:00","45"
"35","221","2018-04-25 00:00:00","2017-12-06 00:00:00","140"
"35","236","2018-06-08 00:00:00","2018-04-25 00:00:00","44"
"35","291","2018-11-19 00:00:00","2018-06-08 00:00:00","164"
"35","348","2019-04-18 00:00:00","2018-11-19 00:00:00","150"
"35","368","2019-05-30 00:00:00","2019-04-18 00:00:00","42"
"35","375","2019-06-05 00:00:00","2019-05-30 00:00:00","6"
"35","424","2019-09-09 00:00:00","2019-06-05 00:00:00","96"
"35","471","2020-01-30 00:00:00","2019-09-09 00:00:00","143"
"35","568","2020-10-01 00:00:00","2020-01-30 00:00:00","245"
"35","605","2020-12-17 00:00:00","2020-10-01 00:00:00","77"
"36","45","2017-03-24 00:00:00",NULL,NULL
"36","79","2017-06-08 00:00:00","2017-03-24 00:00:00","76"
"36","91","2017-07-01 00:00:00","2017-06-08 00:00:00","23"
"36","234","2018-06-01 00:00:00","2017-07-01 00:00:00","335"
"36","242","2018-06-18 00:00:00","2018-06-01 00:00:00","17"
"36","263","2018-08-13 00:00:00","2018-06-18 00:00:00","56"
"36","309","2019-01-14 00:00:00","2018-08-13 00:00:00","154"
"36","339","2019-04-07 00:00:00","2019-01-14 00:00:00","83"
"36","397","2019-07-31 00:00:00","2019-04-07 00:00:00","115"
"36","400","2019-08-06 00:00:00","2019-07-31 00:00:00","6"
"36","500","2020-04-07 00:00:00","2019-08-06 00:00:00","245"
"37","40","2017-03-13 00:00:00",NULL,NULL
"37","196","2018-03-02 00:00:00","2017-03-13 00:00:00","354"
"37","273","2018-09-02 00:00:00","2018-03-02 00:00:00","184"
"37","308","2019-01-06 00:00:00","2018-09-02 00:00:00","126"
"37","349","2019-04-21 00:00:00","2019-01-06 00:00:00","105"
"37","426","2019-09-14 00:00:00","2019-04-21 00:00:00","146"
"37","457","2019-12-25 00:00:00","2019-09-14 00:00:00","102"
"37","485","2020-03-05 00:00:00","2019-12-25 00:00:00","71"
"37","540","2020-07-12 00:00:00","2020-03-05 00:00:00","129"
"37","566","2020-09-27 00:00:00","2020-07-12 00:00:00","77"
"38","11","2017-01-20 00:00:00",NULL,NULL
"38","59","2017-04-24 00:00:00","2017-01-20 00:00:00","94"
"38","203","2018-03-16 00:00:00","2017-04-24 00:00:00","326"
"38","239","2018-06-16 00:00:00","2018-03-16 00:00:00","92"
"38","259","2018-08-03 00:00:00","2018-06-16 00:00:00","48"
"38","264","2018-08-15 00:00:00","2018-08-03 00:00:00","12"
"38","363","2019-05-24 00:00:00","2018-08-15 00:00:00","282"
"38","435","2019-09-28 00:00:00","2019-05-24 00:00:00","127"
"38","508","2020-04-22 00:00:00","2019-09-28 00:00:00","207"
"39","25","2017-02-11 00:00:00",NULL,NULL
"39","39","2017-03-12 00:00:00","2017-02-11 00:00:00","29"
"39","67","2017-05-01 00:00:00","2017-03-12 00:00:00","50"
"39","103","2017-08-03 00:00:00","2017-05-01 00:00:00","94"
"39","154","2017-12-17 00:00:00","2017-08-03 00:00:00","136"
"39","175","2018-01-31 00:00:00","2017-12-17 00:00:00","45"
"39","201","2018-03-11 00:00:00","2018-01-31 00:00:00","39"
"39","373","2019-06-01 00:00:00","2018-03-11 00:00:00","447"
"39","503","2020-04-11 00:00:00","2019-06-01 00:00:00","315"
"40","3","2017-01-05 00:00:00",NULL,NULL
"40","76","2017-05-26 00:00:00","2017-01-05 00:00:00","141"
"40","302","2018-12-18 00:00:00","2017-05-26 00:00:00","571"
"40","305","2018-12-26 00:00:00","2018-12-18 00:00:00","8"
"40","317","2019-02-14 00:00:00","2018-12-26 00:00:00","50"
"40","346","2019-04-17 00:00:00","2019-02-14 00:00:00","62"
"40","367","2019-05-29 00:00:00","2019-04-17 00:00:00","42"
"40","445","2019-11-11 00:00:00","2019-05-29 00:00:00","166"
"40","585","2020-10-31 00:00:00","2019-11-11 00:00:00","355"
"41","160","2018-01-09 00:00:00",NULL,NULL
"41","165","2018-01-21 00:00:00","2018-01-09 00:00:00","12"
"41","193","2018-02-26 00:00:00","2018-01-21 00:00:00","36"
"41","279","2018-10-01 00:00:00","2018-02-26 00:00:00","217"
"41","493","2020-03-26 00:00:00","2018-10-01 00:00:00","542"
"41","513","2020-05-03 00:00:00","2020-03-26 00:00:00","38"
"41","524","2020-06-01 00:00:00","2020-05-03 00:00:00","29"
"41","547","2020-08-01 00:00:00","2020-06-01 00:00:00","61"
"41","589","2020-11-12 00:00:00","2020-08-01 00:00:00","103"
"42","12","2017-01-21 00:00:00",NULL,NULL
"42","93","2017-07-05 00:00:00","2017-01-21 00:00:00","165"
"42","148","2017-11-30 00:00:00","2017-07-05 00:00:00","148"
"42","183","2018-02-09 00:00:00","2017-11-30 00:00:00","71"
"42","226","2018-05-12 00:00:00","2018-02-09 00:00:00","92"
"42","312","2019-01-21 00:00:00","2018-05-12 00:00:00","254"
"42","385","2019-07-11 00:00:00","2019-01-21 00:00:00","171"
"42","396","2019-07-29 00:00:00","2019-07-11 00:00:00","18"
"42","458","2019-12-26 00:00:00","2019-07-29 00:00:00","150"
"42","550","2020-08-12 00:00:00","2019-12-26 00:00:00","230"
"42","596","2020-11-27 00:00:00","2020-08-12 00:00:00","107"
"43","20","2017-02-06 00:00:00",NULL,NULL
"43","53","2017-04-12 00:00:00","2017-02-06 00:00:00","65"
"43","269","2018-08-26 00:00:00","2017-04-12 00:00:00","501"
"43","314","2019-01-29 00:00:00","2018-08-26 00:00:00","156"
"43","318","2019-02-19 00:00:00","2019-01-29 00:00:00","21"
"43","355","2019-05-04 00:00:00","2019-02-19 00:00:00","74"
"43","359","2019-05-12 00:00:00","2019-05-04 00:00:00","8"
"43","374","2019-06-03 00:00:00","2019-05-12 00:00:00","22"
"43","428","2019-09-17 00:00:00","2019-06-03 00:00:00","106"
"43","481","2020-02-25 00:00:00","2019-09-17 00:00:00","161"
"43","489","2020-03-14 00:00:00","2020-02-25 00:00:00","18"
"43","512","2020-05-02 00:00:00","2020-03-14 00:00:00","49"
"44","15","2017-01-25 00:00:00",NULL,NULL
"44","48","2017-03-28 00:00:00","2017-01-25 00:00:00","62"
"44","117","2017-09-10 00:00:00","2017-03-28 00:00:00","166"
"44","252","2018-07-25 00:00:00","2017-09-10 00:00:00","318"
"44","266","2018-08-22 00:00:00","2018-07-25 00:00:00","28"
"44","347","2019-04-17 00:00:00","2018-08-22 00:00:00","238"
"44","350","2019-04-21 00:00:00","2019-04-17 00:00:00","4"
"44","441","2019-10-26 00:00:00","2019-04-21 00:00:00","188"
"44","480","2020-02-22 00:00:00","2019-10-26 00:00:00","119"
"44","531","2020-06-22 00:00:00","2020-02-22 00:00:00","121"
"44","601","2020-12-08 00:00:00","2020-06-22 00:00:00","169"
"45","29","2017-02-17 00:00:00",NULL,NULL
"45","95","2017-07-10 00:00:00","2017-02-17 00:00:00","143"
"45","141","2017-11-07 00:00:00","2017-07-10 00:00:00","120"
"45","170","2018-01-28 00:00:00","2017-11-07 00:00:00","82"
"45","181","2018-02-06 00:00:00","2018-01-28 00:00:00","9"
"45","212","2018-03-31 00:00:00","2018-02-06 00:00:00","53"
"45","241","2018-06-18 00:00:00","2018-03-31 00:00:00","79"
"45","360","2019-05-15 00:00:00","2018-06-18 00:00:00","331"
"45","440","2019-10-08 00:00:00","2019-05-15 00:00:00","146"
"45","576","2020-10-19 00:00:00","2019-10-08 00:00:00","377"
"46","30","2017-02-18 00:00:00",NULL,NULL
"46","86","2017-06-18 00:00:00","2017-02-18 00:00:00","120"
"46","176","2018-01-31 00:00:00","2017-06-18 00:00:00","227"
"46","180","2018-02-05 00:00:00","2018-01-31 00:00:00","5"
"46","197","2018-03-05 00:00:00","2018-02-05 00:00:00","28"
"46","238","2018-06-14 00:00:00","2018-03-05 00:00:00","101"
"46","255","2018-07-31 00:00:00","2018-06-14 00:00:00","47"
"46","401","2019-08-06 00:00:00","2018-07-31 00:00:00","371"
"46","451","2019-12-13 00:00:00","2019-08-06 00:00:00","129"
"46","454","2019-12-21 00:00:00","2019-12-13 00:00:00","8"
"46","479","2020-02-21 00:00:00","2019-12-21 00:00:00","62"
"46","539","2020-07-12 00:00:00","2020-02-21 00:00:00","142"
"46","604","2020-12-12 00:00:00","2020-07-12 00:00:00","153"
"47","65","2017-04-26 00:00:00",NULL,NULL
"47","72","2017-05-18 00:00:00","2017-04-26 00:00:00","22"
"47","168","2018-01-27 00:00:00","2017-05-18 00:00:00","254"
"47","177","2018-02-01 00:00:00","2018-01-27 00:00:00","5"
"47","271","2018-08-30 00:00:00","2018-02-01 00:00:00","210"
"47","413","2019-08-28 00:00:00","2018-08-30 00:00:00","363"
"47","452","2019-12-18 00:00:00","2019-08-28 00:00:00","112"
"47","484","2020-03-02 00:00:00","2019-12-18 00:00:00","75"
"47","569","2020-10-06 00:00:00","2020-03-02 00:00:00","218"
"48","84","2017-06-15 00:00:00",NULL,NULL
"48","174","2018-01-31 00:00:00","2017-06-15 00:00:00","230"
"48","258","2018-08-02 00:00:00","2018-01-31 00:00:00","183"
"48","283","2018-10-13 00:00:00","2018-08-02 00:00:00","72"
"48","340","2019-04-08 00:00:00","2018-10-13 00:00:00","177"
"48","378","2019-06-13 00:00:00","2019-04-08 00:00:00","66"
"48","382","2019-06-22 00:00:00","2019-06-13 00:00:00","9"
"48","409","2019-08-24 00:00:00","2019-06-22 00:00:00","63"
"48","421","2019-09-05 00:00:00","2019-08-24 00:00:00","12"
"48","509","2020-04-27 00:00:00","2019-09-05 00:00:00","235"
"49","7","2017-01-12 00:00:00",NULL,NULL
"49","38","2017-03-05 00:00:00","2017-01-12 00:00:00","52"
"49","164","2018-01-20 00:00:00","2017-03-05 00:00:00","321"
"49","216","2018-04-14 00:00:00","2018-01-20 00:00:00","84"
"49","261","2018-08-06 00:00:00","2018-04-14 00:00:00","114"
"49","284","2018-10-16 00:00:00","2018-08-06 00:00:00","71"
"49","327","2019-03-05 00:00:00","2018-10-16 00:00:00","140"
"49","446","2019-11-19 00:00:00","2019-03-05 00:00:00","259"
"49","574","2020-10-17 00:00:00","2019-11-19 00:00:00","333"
"49","608","2020-12-20 00:00:00","2020-10-17 00:00:00","64"
"50","41","2017-03-17 00:00:00",NULL,NULL
"50","115","2017-09-08 00:00:00","2017-03-17 00:00:00","175"
"50","281","2018-10-06 00:00:00","2017-09-08 00:00:00","393"
"50","319","2019-02-20 00:00:00","2018-10-06 00:00:00","137"
"50","345","2019-04-16 00:00:00","2019-02-20 00:00:00","55"
"50","369","2019-05-31 00:00:00","2019-04-16 00:00:00","45"
"50","384","2019-07-10 00:00:00","2019-05-31 00:00:00","40"
"50","418","2019-09-01 00:00:00","2019-07-10 00:00:00","53"
"50","459","2019-12-26 00:00:00","2019-09-01 00:00:00","116"
"50","523","2020-05-29 00:00:00","2019-12-26 00:00:00","155"
"50","528","2020-06-10 00:00:00","2020-05-29 00:00:00","12"
"51","36","2017-02-27 00:00:00",NULL,NULL
"51","94","2017-07-08 00:00:00","2017-02-27 00:00:00","131"
"51","190","2018-02-21 00:00:00","2017-07-08 00:00:00","228"
"51","191","2018-02-22 00:00:00","2018-02-21 00:00:00","1"
"51","211","2018-03-26 00:00:00","2018-02-22 00:00:00","32"
"51","399","2019-08-03 00:00:00","2018-03-26 00:00:00","495"
"51","398","2019-08-03 00:00:00","2019-08-03 00:00:00","0"
"51","491","2020-03-24 00:00:00","2019-08-03 00:00:00","234"
"51","571","2020-10-09 00:00:00","2020-03-24 00:00:00","199"
"51","590","2020-11-17 00:00:00","2020-10-09 00:00:00","39"
"52","64","2017-04-25 00:00:00",NULL,NULL
"52","227","2018-05-16 00:00:00","2017-04-25 00:00:00","386"
"52","237","2018-06-13 00:00:00","2018-05-16 00:00:00","28"
"52","265","2018-08-18 00:00:00","2018-06-13 00:00:00","66"
"52","326","2019-03-04 00:00:00","2018-08-18 00:00:00","198"
"52","444","2019-11-08 00:00:00","2019-03-04 00:00:00","249"
"52","570","2020-10-07 00:00:00","2019-11-08 00:00:00","334"
"52","611","2020-12-27 00:00:00","2020-10-07 00:00:00","81"
"53","23","2017-02-09 00:00:00",NULL,NULL
"53","96","2017-07-17 00:00:00","2017-02-09 00:00:00","158"
"53","171","2018-01-30 00:00:00","2017-07-17 00:00:00","197"
"53","213","2018-04-01 00:00:00","2018-01-30 00:00:00","61"
"53","244","2018-06-23 00:00:00","2018-04-01 00:00:00","83"
"53","277","2018-09-10 00:00:00","2018-06-23 00:00:00","79"
"53","334","2019-03-21 00:00:00","2018-09-10 00:00:00","192"
"53","422","2019-09-07 00:00:00","2019-03-21 00:00:00","170"
"53","502","2020-04-10 00:00:00","2019-09-07 00:00:00","216"
"53","565","2020-09-23 00:00:00","2020-04-10 00:00:00","166"
"53","614","2020-12-30 00:00:00","2020-09-23 00:00:00","98"
"54","106","2017-08-19 00:00:00",NULL,NULL
"54","230","2018-05-21 00:00:00","2017-08-19 00:00:00","275"
"54","379","2019-06-13 00:00:00","2018-05-21 00:00:00","388"
"54","402","2019-08-09 00:00:00","2019-06-13 00:00:00","57"
"54","403","2019-08-10 00:00:00","2019-08-09 00:00:00","1"
"54","414","2019-08-30 00:00:00","2019-08-10 00:00:00","20"
"54","415","2019-08-31 00:00:00","2019-08-30 00:00:00","1"
"54","437","2019-10-02 00:00:00","2019-08-31 00:00:00","32"
"54","492","2020-03-25 00:00:00","2019-10-02 00:00:00","175"
"55","26","2017-02-15 00:00:00",NULL,NULL
"55","90","2017-06-28 00:00:00","2017-02-15 00:00:00","133"
"55","99","2017-07-28 00:00:00","2017-06-28 00:00:00","30"
"55","356","2019-05-04 00:00:00","2017-07-28 00:00:00","645"
"55","427","2019-09-14 00:00:00","2019-05-04 00:00:00","133"
"55","430","2019-09-20 00:00:00","2019-09-14 00:00:00","6"
"55","450","2019-12-04 00:00:00","2019-09-20 00:00:00","75"
"55","555","2020-09-04 00:00:00","2019-12-04 00:00:00","275"
"55","586","2020-11-01 00:00:00","2020-09-04 00:00:00","58"
"55","610","2020-12-21 00:00:00","2020-11-01 00:00:00","50"
"56","218","2018-04-19 00:00:00",NULL,NULL
"56","304","2018-12-23 00:00:00","2018-04-19 00:00:00","248"
"56","380","2019-06-14 00:00:00","2018-12-23 00:00:00","173"
"56","381","2019-06-21 00:00:00","2019-06-14 00:00:00","7"
"56","535","2020-07-05 00:00:00","2019-06-21 00:00:00","380"
"57","47","2017-03-25 00:00:00",NULL,NULL
"57","68","2017-05-01 00:00:00","2017-03-25 00:00:00","37"
"57","157","2018-01-04 00:00:00","2017-05-01 00:00:00","248"
"57","158","2018-01-07 00:00:00","2018-01-04 00:00:00","3"
"57","214","2018-04-03 00:00:00","2018-01-07 00:00:00","86"
"57","228","2018-05-16 00:00:00","2018-04-03 00:00:00","43"
"57","232","2018-05-29 00:00:00","2018-05-16 00:00:00","13"
"57","254","2018-07-30 00:00:00","2018-05-29 00:00:00","62"
"57","324","2019-03-03 00:00:00","2018-07-30 00:00:00","216"
"57","335","2019-03-23 00:00:00","2019-03-03 00:00:00","20"
"57","351","2019-04-23 00:00:00","2019-03-23 00:00:00","31"
"57","407","2019-08-19 00:00:00","2019-04-23 00:00:00","118"
"57","527","2020-06-09 00:00:00","2019-08-19 00:00:00","295"
"58","33","2017-02-21 00:00:00",NULL,NULL
"58","82","2017-06-13 00:00:00","2017-02-21 00:00:00","112"
"58","100","2017-07-31 00:00:00","2017-06-13 00:00:00","48"
"58","140","2017-11-06 00:00:00","2017-07-31 00:00:00","98"
"58","146","2017-11-22 00:00:00","2017-11-06 00:00:00","16"
"58","246","2018-07-12 00:00:00","2017-11-22 00:00:00","232"
"58","285","2018-10-25 00:00:00","2018-07-12 00:00:00","105"
"58","294","2018-12-02 00:00:00","2018-10-25 00:00:00","38"
"58","320","2019-02-22 00:00:00","2018-12-02 00:00:00","82"
"58","338","2019-04-03 00:00:00","2019-02-22 00:00:00","40"
"58","473","2020-02-02 00:00:00","2019-04-03 00:00:00","305"
"58","506","2020-04-14 00:00:00","2020-02-02 00:00:00","72"
"58","541","2020-07-15 00:00:00","2020-04-14 00:00:00","92"
"59","8","2017-01-13 00:00:00",NULL,NULL
"59","37","2017-03-05 00:00:00","2017-01-13 00:00:00","51"
"59","61","2017-04-24 00:00:00","2017-03-05 00:00:00","50"
"59","121","2017-09-20 00:00:00","2017-04-24 00:00:00","149"
"59","155","2018-01-02 00:00:00","2017-09-20 00:00:00","104"
"59","220","2018-04-25 00:00:00","2018-01-02 00:00:00","113"
"59","599","2020-12-06 00:00:00","2018-04-25 00:00:00","956"
"59","607","2020-12-19 00:00:00","2020-12-06 00:00:00","13"
